"Population","","Allele: frequency (count)","Genotype: frequency (count)","Genotypes"
"ALL;1000GENOMES:phase_3:ALL","","A: 0.378 (1892) G: 0.622 (3116) ","A|A: 0.197 (493) A|G: 0.362 (906) G|G: 0.441 (1105) ",""
"AFR;1000GENOMES:phase_3:AFR","","A: 0.092 (121) G: 0.908 (1201) ","A|A: 0.009 (6) A|G: 0.165 (109) G|G: 0.826 (546) ",""
"  ACB;1000GENOMES:phase_3:ACB","","A: 0.125 (24) G: 0.875 (168) ","A|A: 0.021 (2) A|G: 0.208 (20) G|G: 0.771 (74) ",""
"  ASW;1000GENOMES:phase_3:ASW","","A: 0.238 (29) G: 0.762 (93) ","A|A: 0.033 (2) A|G: 0.410 (25) G|G: 0.557 (34) ",""
"  ESN;1000GENOMES:phase_3:ESN","","A: 0.076 (15) G: 0.924 (183) ","A|A: 0.010 (1) A|G: 0.131 (13) G|G: 0.859 (85) ",""
"  GWD;1000GENOMES:phase_3:GWD","","A: 0.080 (18) G: 0.920 (208) ","A|G: 0.159 (18) G|G: 0.841 (95) ",""
"  LWK;1000GENOMES:phase_3:LWK","","A: 0.076 (15) G: 0.924 (183) ","A|G: 0.152 (15) G|G: 0.848 (84) ",""
"  MSL;1000GENOMES:phase_3:MSL","","A: 0.059 (10) G: 0.941 (160) ","A|A: 0.012 (1) A|G: 0.094 (8) G|G: 0.894 (76) ",""
"  YRI;1000GENOMES:phase_3:YRI","","A: 0.046 (10) G: 0.954 (206) ","A|G: 0.093 (10) G|G: 0.907 (98) ",""
"AMR;1000GENOMES:phase_3:AMR","","A: 0.519 (360) G: 0.481 (334) ","A|A: 0.280 (97) A|G: 0.478 (166) G|G: 0.242 (84) ",""
"  CLM;1000GENOMES:phase_3:CLM","","A: 0.574 (108) G: 0.426 (80) ","A|A: 0.351 (33) A|G: 0.447 (42) G|G: 0.202 (19) ",""
"  MXL;1000GENOMES:phase_3:MXL","","A: 0.492 (63) G: 0.508 (65) ","A|A: 0.234 (15) A|G: 0.516 (33) G|G: 0.250 (16) ",""
"  PEL;1000GENOMES:phase_3:PEL","","A: 0.441 (75) G: 0.559 (95) ","A|A: 0.200 (17) A|G: 0.482 (41) G|G: 0.318 (27) ",""
"  PUR;1000GENOMES:phase_3:PUR","","A: 0.548 (114) G: 0.452 (94) ","A|A: 0.308 (32) A|G: 0.481 (50) G|G: 0.212 (22) ",""
"EAS;1000GENOMES:phase_3:EAS","","A: 0.240 (242) G: 0.760 (766) ","A|A: 0.056 (28) A|G: 0.369 (186) G|G: 0.575 (290) ",""
"  CDX;1000GENOMES:phase_3:CDX","","A: 0.215 (40) G: 0.785 (146) ","A|A: 0.054 (5) A|G: 0.323 (30) G|G: 0.624 (58) ",""
"  CHB;1000GENOMES:phase_3:CHB","","A: 0.291 (60) G: 0.709 (146) ","A|A: 0.078 (8) A|G: 0.427 (44) G|G: 0.495 (51) ",""
"  CHS;1000GENOMES:phase_3:CHS","","A: 0.224 (47) G: 0.776 (163) ","A|A: 0.038 (4) A|G: 0.371 (39) G|G: 0.590 (62) ",""
"  JPT;1000GENOMES:phase_3:JPT","","A: 0.260 (54) G: 0.740 (154) ","A|A: 0.077 (8) A|G: 0.365 (38) G|G: 0.558 (58) ",""
"  KHV;1000GENOMES:phase_3:KHV","","A: 0.207 (41) G: 0.793 (157) ","A|A: 0.030 (3) A|G: 0.354 (35) G|G: 0.616 (61) ",""
"EUR;1000GENOMES:phase_3:EUR","","A: 0.723 (727) G: 0.277 (279) ","A|A: 0.507 (255) A|G: 0.431 (217) G|G: 0.062 (31) ",""
"  CEU;1000GENOMES:phase_3:CEU","","A: 0.722 (143) G: 0.278 (55) ","A|A: 0.525 (52) A|G: 0.394 (39) G|G: 0.081 (8) ",""
"  FIN;1000GENOMES:phase_3:FIN","","A: 0.687 (136) G: 0.313 (62) ","A|A: 0.424 (42) A|G: 0.525 (52) G|G: 0.051 (5) ",""
"  GBR;1000GENOMES:phase_3:GBR","","A: 0.736 (134) G: 0.264 (48) ","A|A: 0.527 (48) A|G: 0.418 (38) G|G: 0.055 (5) ",""
"  IBS;1000GENOMES:phase_3:IBS","","A: 0.734 (157) G: 0.266 (57) ","A|A: 0.523 (56) A|G: 0.421 (45) G|G: 0.056 (6) ",""
"  TSI;1000GENOMES:phase_3:TSI","","A: 0.734 (157) G: 0.266 (57) ","A|A: 0.533 (57) A|G: 0.402 (43) G|G: 0.065 (7) ",""
"SAS;1000GENOMES:phase_3:SAS","","A: 0.452 (442) G: 0.548 (536) ","A|A: 0.219 (107) A|G: 0.466 (228) G|G: 0.315 (154) ",""
"  BEB;1000GENOMES:phase_3:BEB","","A: 0.430 (74) G: 0.570 (98) ","A|A: 0.209 (18) A|G: 0.442 (38) G|G: 0.349 (30) ",""
"  GIH;1000GENOMES:phase_3:GIH","","A: 0.456 (94) G: 0.544 (112) ","A|A: 0.204 (21) A|G: 0.505 (52) G|G: 0.291 (30) ",""
"  ITU;1000GENOMES:phase_3:ITU","","A: 0.451 (92) G: 0.549 (112) ","A|A: 0.245 (25) A|G: 0.412 (42) G|G: 0.343 (35) ",""
"  PJL;1000GENOMES:phase_3:PJL","","A: 0.500 (96) G: 0.500 (96) ","A|A: 0.260 (25) A|G: 0.479 (46) G|G: 0.260 (25) ",""
"  STU;1000GENOMES:phase_3:STU","","A: 0.422 (86) G: 0.578 (118) ","A|A: 0.176 (18) A|G: 0.490 (50) G|G: 0.333 (34) ",""
